{  
   "status":true,
   "page":{  

   },
   "data":[  
      {  
         "match_id":449833,
         "match_type":"Limited Overs",
         "ball_type":"TENNIS",
         "match_event":"",
         "match_inning":1,
         "current_inning":0,
         "match_start_time":"2019-07-06T02:16:00.000Z",
         "city_id":1798,
         "city_name":"Bengaluru (Bangalore)",
         "ground_id":1911,
         "ground_name":"ABR Sports Ground",
         "overs":10,
         "over_reduce":"",
         "is_dl":0,
         "winning_team_id":"",
         "winning_team":"",
         "match_result":"",
         "win_by":"",
         "team_a_id":372324,
         "team_a":"AVI TEAM 1",
         "team_a_logo":"https://media.cricheroes.in/team_logo/1560152742821_Pml0XK7UmpCn.jpeg",
         "team_b_id":372330,
         "team_b":"AVI TEAM 5",
         "team_b_logo":"https://media.cricheroes.in/team_logo/1560149863982_GsjFfJ7r5R5g.jpeg",
         "status":"upcoming",
         "type":2,
         "tournament_id":"62315",
         "tournament_name":"AVIYUKTAS 3rd ANNIVERSARY CRICKET TOURNAMENT 2019",
         "tournament_round_id":"102309",
         "tournament_round_name":"League Matches",
         "match_summary":{  
            "team_id":-1,
            "summary":"",
            "short_summary":"",
            "full_summary":"",
            "rrr":"0.00",
            "target":"-"
         },
         "team_a_summary":"",
         "team_a_innings":[  

         ],
         "team_b_summary":"",
         "team_b_innings":[  

         ],
         "toss_details":"AVI TEAM 5 won the toss and elected to field"
      },
      {  
         "match_id":454035,
         "match_type":"Limited Overs",
         "ball_type":"TENNIS",
         "match_event":"",
         "match_inning":1,
         "current_inning":2,
         "match_start_time":"2019-07-06T10:21:00.000Z",
         "city_id":1798,
         "city_name":"Bengaluru (Bangalore)",
         "ground_id":1911,
         "ground_name":"ABR Sports Ground",
         "overs":10,
         "over_reduce":"",
         "is_dl":0,
         "winning_team_id":"372324",
         "winning_team":"AVI TEAM 1",
         "match_result":"Resulted",
         "win_by":"6 wickets",
         "team_a_id":372328,
         "team_a":"AVI TEAM 4",
         "team_a_logo":"https://media.cricheroes.in/team_logo/1560148250138_EpKFulzt6fkZ.jpeg",
         "team_b_id":372324,
         "team_b":"AVI TEAM 1",
         "team_b_logo":"https://media.cricheroes.in/team_logo/1560152742821_Pml0XK7UmpCn.jpeg",
         "status":"past",
         "type":3,
         "tournament_id":"62315",
         "tournament_name":"AVIYUKTAS 3rd ANNIVERSARY CRICKET TOURNAMENT 2019",
         "tournament_round_id":"102026",
         "tournament_round_name":"Pre Quarter Final",
         "match_summary":{  
            "team_id":-1,
            "summary":"AVI TEAM 1 won by 6 wickets",
            "short_summary":"",
            "full_summary":"",
            "rrr":"0.00",
            "target":"-"
         },
         "team_a_summary":"86/4",
         "team_a_innings":[  
            {  
               "team_id":372328,
               "inning":1,
               "inning_start_time":"2019-07-06T10:24:40.000Z",
               "inning_end_time":"2019-07-06T11:06:48.000Z",
               "is_declare":0,
               "is_forfeited":0,
               "is_followon":0,
               "total_run":86,
               "total_wicket":4,
               "total_extra":3,
               "overs_played":"10.0",
               "revised_target":0,
               "revised_overs":0,
               "lead_by":0,
               "trail_by":0,
               "summary":{  
                  "score":"86/4",
                  "over":"(10.0 Ov)",
                  "rr":"8.60"
               }
            }
         ],
         "team_b_summary":"87/4",
         "team_b_innings":[  
            {  
               "team_id":372324,
               "inning":2,
               "inning_start_time":"2019-07-06T11:11:00.000Z",
               "inning_end_time":"2019-07-06T11:48:14.000Z",
               "is_declare":0,
               "is_forfeited":0,
               "is_followon":0,
               "total_run":87,
               "total_wicket":4,
               "total_extra":11,
               "overs_played":"8.3",
               "revised_target":0,
               "revised_overs":0,
               "lead_by":0,
               "trail_by":0,
               "summary":{  
                  "score":"87/4",
                  "over":"(8.3 Ov)",
                  "rr":"10.24"
               }
            }
         ],
         "toss_details":"AVI TEAM 4 won the toss and elected to bat"
      },
      {  
         "match_id":449871,
         "match_type":"Limited Overs",
         "ball_type":"TENNIS",
         "match_event":"",
         "match_inning":1,
         "current_inning":2,
         "match_start_time":"2019-07-06T08:42:33.000Z",
         "city_id":1798,
         "city_name":"Bengaluru (Bangalore)",
         "ground_id":1911,
         "ground_name":"ABR Sports Ground",
         "overs":10,
         "over_reduce":"",
         "is_dl":0,
         "winning_team_id":"372324",
         "winning_team":"AVI TEAM 1",
         "match_result":"Resulted",
         "win_by":"6 wickets",
         "team_a_id":372326,
         "team_a":"AVI TEAM 3",
         "team_a_logo":"https://media.cricheroes.in/team_logo/1560152338406_ylQs3OMlfwIt.jpeg",
         "team_b_id":372324,
         "team_b":"AVI TEAM 1",
         "team_b_logo":"https://media.cricheroes.in/team_logo/1560152742821_Pml0XK7UmpCn.jpeg",
         "status":"past",
         "type":3,
         "tournament_id":"62315",
         "tournament_name":"AVIYUKTAS 3rd ANNIVERSARY CRICKET TOURNAMENT 2019",
         "tournament_round_id":"102309",
         "tournament_round_name":"League Matches",
         "match_summary":{  
            "team_id":-1,
            "summary":"AVI TEAM 1 won by 6 wickets",
            "short_summary":"",
            "full_summary":"",
            "rrr":"0.00",
            "target":"-"
         },
         "team_a_summary":"62/8",
         "team_a_innings":[  
            {  
               "team_id":372326,
               "inning":1,
               "inning_start_time":"2019-07-06T08:42:33.000Z",
               "inning_end_time":"2019-07-06T09:19:32.000Z",
               "is_declare":0,
               "is_forfeited":0,
               "is_followon":0,
               "total_run":62,
               "total_wicket":8,
               "total_extra":5,
               "overs_played":"10.0",
               "revised_target":0,
               "revised_overs":0,
               "lead_by":0,
               "trail_by":0,
               "summary":{  
                  "score":"62/8",
                  "over":"(10.0 Ov)",
                  "rr":"6.20"
               }
            }
         ],
         "team_b_summary":"65/5",
         "team_b_innings":[  
            {  
               "team_id":372324,
               "inning":2,
               "inning_start_time":"2019-07-06T09:26:00.000Z",
               "inning_end_time":"2019-07-06T09:55:32.000Z",
               "is_declare":0,
               "is_forfeited":0,
               "is_followon":0,
               "total_run":65,
               "total_wicket":5,
               "total_extra":7,
               "overs_played":"8.1",
               "revised_target":0,
               "revised_overs":0,
               "lead_by":0,
               "trail_by":0,
               "summary":{  
                  "score":"65/5",
                  "over":"(8.1 Ov)",
                  "rr":"7.96"
               }
            }
         ],
         "toss_details":"AVI TEAM 3 won the toss and elected to bat"
      },
      {  
         "match_id":449869,
         "match_type":"Limited Overs",
         "ball_type":"TENNIS",
         "match_event":"",
         "match_inning":1,
         "current_inning":2,
         "match_start_time":"2019-07-06T06:02:47.000Z",
         "city_id":1798,
         "city_name":"Bengaluru (Bangalore)",
         "ground_id":1911,
         "ground_name":"ABR Sports Ground",
         "overs":10,
         "over_reduce":"",
         "is_dl":0,
         "winning_team_id":"372324",
         "winning_team":"AVI TEAM 1",
         "match_result":"Resulted",
         "win_by":"8 wickets",
         "team_a_id":372330,
         "team_a":"AVI TEAM 5",
         "team_a_logo":"https://media.cricheroes.in/team_logo/1560149863982_GsjFfJ7r5R5g.jpeg",
         "team_b_id":372324,
         "team_b":"AVI TEAM 1",
         "team_b_logo":"https://media.cricheroes.in/team_logo/1560152742821_Pml0XK7UmpCn.jpeg",
         "status":"past",
         "type":3,
         "tournament_id":"62315",
         "tournament_name":"AVIYUKTAS 3rd ANNIVERSARY CRICKET TOURNAMENT 2019",
         "tournament_round_id":"102309",
         "tournament_round_name":"League Matches",
         "match_summary":{  
            "team_id":-1,
            "summary":"AVI TEAM 1 won by 8 wickets",
            "short_summary":"",
            "full_summary":"",
            "rrr":"0.00",
            "target":"-"
         },
         "team_a_summary":"65/4",
         "team_a_innings":[  
            {  
               "team_id":372330,
               "inning":1,
               "inning_start_time":"2019-07-06T06:02:47.000Z",
               "inning_end_time":"2019-07-06T06:41:05.000Z",
               "is_declare":0,
               "is_forfeited":0,
               "is_followon":0,
               "total_run":65,
               "total_wicket":4,
               "total_extra":14,
               "overs_played":"10.0",
               "revised_target":0,
               "revised_overs":0,
               "lead_by":0,
               "trail_by":0,
               "summary":{  
                  "score":"65/4",
                  "over":"(10.0 Ov)",
                  "rr":"6.50"
               }
            }
         ],
         "team_b_summary":"69/3",
         "team_b_innings":[  
            {  
               "team_id":372324,
               "inning":2,
               "inning_start_time":"2019-07-06T06:45:20.000Z",
               "inning_end_time":"2019-07-06T07:09:03.000Z",
               "is_declare":0,
               "is_forfeited":0,
               "is_followon":0,
               "total_run":69,
               "total_wicket":3,
               "total_extra":8,
               "overs_played":"7.4",
               "revised_target":0,
               "revised_overs":0,
               "lead_by":0,
               "trail_by":0,
               "summary":{  
                  "score":"69/3",
                  "over":"(7.4 Ov)",
                  "rr":"9.00"
               }
            }
         ],
         "toss_details":"AVI TEAM 1 won the toss and elected to field"
      },
      {  
         "match_id":449859,
         "match_type":"Limited Overs",
         "ball_type":"TENNIS",
         "match_event":"",
         "match_inning":1,
         "current_inning":2,
         "match_start_time":"2019-07-06T04:20:44.000Z",
         "city_id":1798,
         "city_name":"Bengaluru (Bangalore)",
         "ground_id":1911,
         "ground_name":"ABR Sports Ground",
         "overs":10,
         "over_reduce":"",
         "is_dl":0,
         "winning_team_id":"372324",
         "winning_team":"AVI TEAM 1",
         "match_result":"Resulted",
         "win_by":"58 runs",
         "team_a_id":372324,
         "team_a":"AVI TEAM 1",
         "team_a_logo":"https://media.cricheroes.in/team_logo/1560152742821_Pml0XK7UmpCn.jpeg",
         "team_b_id":372326,
         "team_b":"AVI TEAM 3",
         "team_b_logo":"https://media.cricheroes.in/team_logo/1560152338406_ylQs3OMlfwIt.jpeg",
         "status":"past",
         "type":3,
         "tournament_id":"62315",
         "tournament_name":"AVIYUKTAS 3rd ANNIVERSARY CRICKET TOURNAMENT 2019",
         "tournament_round_id":"102309",
         "tournament_round_name":"League Matches",
         "match_summary":{  
            "team_id":-1,
            "summary":"AVI TEAM 1 won by 58 runs",
            "short_summary":"",
            "full_summary":"",
            "rrr":"0.00",
            "target":"-"
         },
         "team_a_summary":"111/6",
         "team_a_innings":[  
            {  
               "team_id":372324,
               "inning":1,
               "inning_start_time":"2019-07-06T04:20:44.000Z",
               "inning_end_time":"2019-07-06T05:01:38.000Z",
               "is_declare":0,
               "is_forfeited":0,
               "is_followon":0,
               "total_run":111,
               "total_wicket":6,
               "total_extra":6,
               "overs_played":"10.0",
               "revised_target":0,
               "revised_overs":0,
               "lead_by":0,
               "trail_by":0,
               "summary":{  
                  "score":"111/6",
                  "over":"(10.0 Ov)",
                  "rr":"11.10"
               }
            }
         ],
         "team_b_summary":"53/8",
         "team_b_innings":[  
            {  
               "team_id":372326,
               "inning":2,
               "inning_start_time":"2019-07-06T05:02:19.000Z",
               "inning_end_time":"2019-07-06T05:39:02.000Z",
               "is_declare":0,
               "is_forfeited":0,
               "is_followon":0,
               "total_run":53,
               "total_wicket":8,
               "total_extra":8,
               "overs_played":"10.0",
               "revised_target":0,
               "revised_overs":0,
               "lead_by":0,
               "trail_by":0,
               "summary":{  
                  "score":"53/8",
                  "over":"(10.0 Ov)",
                  "rr":"5.30"
               }
            }
         ],
         "toss_details":"AVI TEAM 3 won the toss and elected to field"
      },
      {  
         "match_id":449866,
         "match_type":"Limited Overs",
         "ball_type":"TENNIS",
         "match_event":"",
         "match_inning":1,
         "current_inning":2,
         "match_start_time":"2019-07-06T03:02:13.000Z",
         "city_id":1798,
         "city_name":"Bengaluru (Bangalore)",
         "ground_id":1911,
         "ground_name":"ABR Sports Ground",
         "overs":10,
         "over_reduce":"",
         "is_dl":0,
         "winning_team_id":"372326",
         "winning_team":"AVI TEAM 3",
         "match_result":"Resulted",
         "win_by":"28 runs",
         "team_a_id":372326,
         "team_a":"AVI TEAM 3",
         "team_a_logo":"https://media.cricheroes.in/team_logo/1560152338406_ylQs3OMlfwIt.jpeg",
         "team_b_id":372330,
         "team_b":"AVI TEAM 5",
         "team_b_logo":"https://media.cricheroes.in/team_logo/1560149863982_GsjFfJ7r5R5g.jpeg",
         "status":"past",
         "type":3,
         "tournament_id":"62315",
         "tournament_name":"AVIYUKTAS 3rd ANNIVERSARY CRICKET TOURNAMENT 2019",
         "tournament_round_id":"102309",
         "tournament_round_name":"League Matches",
         "match_summary":{  
            "team_id":-1,
            "summary":"AVI TEAM 3 won by 28 runs",
            "short_summary":"",
            "full_summary":"",
            "rrr":"0.00",
            "target":"-"
         },
         "team_a_summary":"122/5",
         "team_a_innings":[  
            {  
               "team_id":372326,
               "inning":1,
               "inning_start_time":"2019-07-06T03:02:13.000Z",
               "inning_end_time":"2019-07-06T03:36:22.000Z",
               "is_declare":0,
               "is_forfeited":0,
               "is_followon":0,
               "total_run":122,
               "total_wicket":5,
               "total_extra":2,
               "overs_played":"10.0",
               "revised_target":0,
               "revised_overs":0,
               "lead_by":0,
               "trail_by":0,
               "summary":{  
                  "score":"122/5",
                  "over":"(10.0 Ov)",
                  "rr":"12.20"
               }
            }
         ],
         "team_b_summary":"94/4",
         "team_b_innings":[  
            {  
               "team_id":372330,
               "inning":2,
               "inning_start_time":"2019-07-06T03:38:28.000Z",
               "inning_end_time":"2019-07-06T04:11:58.000Z",
               "is_declare":0,
               "is_forfeited":0,
               "is_followon":0,
               "total_run":94,
               "total_wicket":4,
               "total_extra":4,
               "overs_played":"10.0",
               "revised_target":0,
               "revised_overs":0,
               "lead_by":0,
               "trail_by":0,
               "summary":{  
                  "score":"94/4",
                  "over":"(10.0 Ov)",
                  "rr":"9.40"
               }
            }
         ],
         "toss_details":"AVI TEAM 5 won the toss and elected to field"
      },
      {  
         "match_id":39931,
         "match_type":"Limited Overs",
         "ball_type":"LEATHER",
         "match_event":"",
         "match_inning":1,
         "current_inning":2,
         "match_start_time":"2018-01-03T07:24:05.000Z",
         "city_id":566,
         "city_name":"Visakhapatnam",
         "ground_id":8372,
         "ground_name":"Port Stadium",
         "overs":25,
         "over_reduce":"",
         "is_dl":0,
         "winning_team_id":"53735",
         "winning_team":"Bharathiar University Coimbatore",
         "match_result":"Resulted",
         "win_by":"36 runs",
         "team_a_id":53735,
         "team_a":"Bharathiar University Coimbatore",
         "team_a_logo":"https://media.cricheroes.in/team_logo/1514966908028_BitUkjj8XKMS.jpg",
         "team_b_id":53733,
         "team_b":"Christ University Bengaluru",
         "team_b_logo":"https://media.cricheroes.in/team_logo/1514965970778_6p41fY0nWrFg.jpg",
         "status":"past",
         "type":3,
         "tournament_id":"2499",
         "tournament_name":"SOUTH ZONE INTER UNIVERSITY MEN TOURNAMENT 2017-18",
         "tournament_round_id":"",
         "tournament_round_name":"",
         "match_summary":{  
            "team_id":-1,
            "summary":"Bharathiar University Coimbatore won by 36 runs",
            "short_summary":"",
            "full_summary":"",
            "rrr":"0.00",
            "target":"-"
         },
         "team_a_summary":"158/9",
         "team_a_innings":[  
            {  
               "team_id":53735,
               "inning":1,
               "inning_start_time":"2018-01-03T07:24:05.000Z",
               "inning_end_time":"2018-01-03T09:27:09.000Z",
               "is_declare":0,
               "is_forfeited":0,
               "is_followon":0,
               "total_run":158,
               "total_wicket":9,
               "total_extra":19,
               "overs_played":"25.0",
               "revised_target":0,
               "revised_overs":0,
               "lead_by":0,
               "trail_by":0,
               "summary":{  
                  "score":"158/9",
                  "over":"(25.0 Ov)",
                  "rr":"6.32"
               }
            }
         ],
         "team_b_summary":"122/8",
         "team_b_innings":[  
            {  
               "team_id":53733,
               "inning":2,
               "inning_start_time":"2018-01-03T09:41:49.000Z",
               "inning_end_time":"2018-01-03T11:40:47.000Z",
               "is_declare":0,
               "is_forfeited":0,
               "is_followon":0,
               "total_run":122,
               "total_wicket":8,
               "total_extra":12,
               "overs_played":"25.0",
               "revised_target":0,
               "revised_overs":0,
               "lead_by":0,
               "trail_by":0,
               "summary":{  
                  "score":"122/8",
                  "over":"(25.0 Ov)",
                  "rr":"4.88"
               }
            }
         ],
         "toss_details":"Christ University Bengaluru won the toss and elected to field"
      }
   ]
}